Model,Run_ID,Accuracy,Precision (Macro),Recall (Macro),F1-Score (Macro)
RandomForestClassifier,with_eligibility_proba_run_1,0.644426362896664,0.33361800943230285,0.33690330833187976,0.2895546445065277
GradientBoostingClassifier,with_eligibility_proba_run_1,0.951179820992677,0.31731813246471224,0.33304843304843307,0.324993049763692
ExtraTreesClassifier,with_eligibility_proba_run_1,0.5280716029292107,0.3315212365964246,0.31571603000174425,0.25620647276713016
VotingClassifier,with_eligibility_proba_run_1,0.644426362896664,0.33361800943230285,0.33690330833187976,0.2895546445065277
